session_index,label
0,benign
1,benign
2,benign
3,benign
4,benign
5,benign
6,benign
7,benign
8,benign
9,benign
10,benign
11,benign
12,benign
13,benign
14,benign
15,benign
16,benign
17,benign
18,benign
19,benign
20,benign
21,benign
22,benign
23,benign
24,benign
25,benign
26,benign
27,benign
28,benign
29,benign
30,benign
31,benign
32,benign
33,benign
34,benign
35,benign
36,benign
37,benign
38,benign
39,benign
40,benign
41,benign
42,benign
43,benign
44,benign
45,benign
46,benign
47,benign
48,benign
49,benign
50,benign
51,benign
52,benign
53,benign
54,benign
55,benign
56,benign
57,benign
58,benign
59,benign
60,benign
61,benign
62,benign
63,benign
64,benign
65,benign
66,benign
67,benign
68,benign
69,benign
70,benign
71,benign
72,benign
73,benign
74,benign
75,benign
76,benign
77,benign
78,benign
79,benign
80,benign
81,benign
82,benign
83,benign
84,benign
85,benign
86,benign
87,benign
88,benign
89,benign
90,benign
91,benign
92,benign
93,benign
94,benign
95,benign
96,benign
97,benign
98,benign
99,benign
100,benign
101,benign
102,benign
103,benign
104,benign
105,benign
106,benign
107,benign
108,benign
109,benign
110,benign
111,benign
112,benign
113,benign
114,benign
115,benign
116,benign
117,benign
118,benign
119,benign
120,benign
121,benign
122,benign
123,benign
124,benign
125,benign
126,benign
127,benign
128,benign
129,benign
130,benign
131,benign
132,benign
133,benign
134,benign
135,benign
136,benign
137,benign
138,benign
139,benign
140,benign
141,benign
142,benign
143,benign
144,benign
145,benign
146,benign
147,benign
148,benign
149,benign
150,benign
151,benign
152,benign
153,benign
154,benign
155,benign
156,benign
157,benign
158,benign
159,benign
160,benign
161,benign
162,benign
163,benign
164,benign
165,benign
166,benign
167,benign
168,benign
169,benign
170,benign
171,benign
172,benign
173,benign
174,benign
175,benign
176,benign
177,benign
178,benign
179,benign
180,benign
181,benign
182,benign
183,benign
184,benign
185,benign
186,benign
187,benign
188,benign
189,benign
190,benign
191,benign
192,benign
193,benign
194,benign
195,benign
196,benign
197,benign
198,benign
199,benign
200,benign
201,benign
202,benign
203,benign
204,benign
205,benign
206,benign
207,benign
208,benign
209,benign
210,benign
211,benign
212,benign
213,benign
214,benign
215,benign
216,benign
217,benign
218,benign
219,benign
220,benign
221,benign
222,benign
223,benign
224,benign
225,benign
226,forkbomb
227,forkbomb
228,forkbomb
229,forkbomb
230,forkbomb
231,forkbomb
232,forkbomb
233,forkbomb
234,forkbomb
235,forkbomb
236,forkbomb
237,forkbomb
238,forkbomb
239,forkbomb
240,forkbomb
241,forkbomb
242,forkbomb
243,forkbomb
244,forkbomb
245,forkbomb
246,forkbomb
247,forkbomb
248,forkbomb
249,forkbomb
250,forkbomb
251,forkbomb
252,forkbomb
253,forkbomb
254,forkbomb
255,forkbomb
256,forkbomb
257,forkbomb
258,forkbomb
259,forkbomb
260,forkbomb
261,forkbomb
262,forkbomb
263,forkbomb
264,forkbomb
265,forkbomb
266,forkbomb
267,forkbomb
268,forkbomb
269,forkbomb
270,forkbomb
271,forkbomb
272,forkbomb
273,forkbomb
274,forkbomb
275,forkbomb
276,forkbomb
277,forkbomb
278,forkbomb
279,forkbomb
280,forkbomb
281,forkbomb
282,forkbomb
283,forkbomb
284,forkbomb
285,forkbomb
286,forkbomb
287,forkbomb
288,forkbomb
289,forkbomb
290,forkbomb
291,forkbomb
292,forkbomb
293,forkbomb
294,forkbomb
295,forkbomb
296,forkbomb
297,forkbomb
298,forkbomb
299,forkbomb
300,forkbomb
301,forkbomb
302,forkbomb
303,forkbomb
304,forkbomb
305,forkbomb
306,forkbomb
307,forkbomb
308,forkbomb
309,forkbomb
310,forkbomb
311,forkbomb
312,forkbomb
313,forkbomb
314,forkbomb
315,forkbomb
316,forkbomb
317,forkbomb
318,forkbomb
319,forkbomb
320,forkbomb
321,forkbomb
322,forkbomb
323,forkbomb
324,forkbomb
325,forkbomb
326,forkbomb
327,forkbomb
328,forkbomb
329,forkbomb
330,forkbomb
331,forkbomb
332,forkbomb
333,forkbomb
334,forkbomb
335,forkbomb
336,forkbomb
337,forkbomb
338,forkbomb
339,forkbomb
340,forkbomb
341,forkbomb
342,forkbomb
343,forkbomb
344,forkbomb
345,forkbomb
346,forkbomb
347,forkbomb
348,forkbomb
349,forkbomb
350,forkbomb
351,forkbomb
352,forkbomb
353,forkbomb
354,forkbomb
355,forkbomb
356,forkbomb
357,forkbomb
358,forkbomb
359,forkbomb
360,forkbomb
361,forkbomb
362,forkbomb
363,forkbomb
364,forkbomb
365,forkbomb
366,forkbomb
367,forkbomb
368,forkbomb
369,forkbomb
370,forkbomb
371,forkbomb
372,ransom
373,ransom
374,ransom
375,ransom
376,ransom
377,ransom
378,ransom
379,ransom
380,ransom
381,ransom
382,ransom
383,ransom
384,ransom
385,ransom
386,ransom
387,ransom
388,ransom
389,ransom
390,ransom
391,ransom
392,ransom
393,ransom
394,ransom
395,ransom
396,ransom
397,ransom
398,ransom
399,ransom
400,ransom
401,ransom
402,ransom
403,ransom
404,ransom
405,ransom
406,ransom
407,ransom
408,ransom
409,ransom
410,ransom
411,ransom
412,ransom
413,ransom
414,ransom
415,ransom
416,ransom
417,ransom
418,ransom
419,ransom
420,ransom
421,ransom
422,ransom
423,ransom
424,ransom
425,ransom
426,ransom
427,ransom
428,ransom
429,ransom
430,ransom
431,ransom
432,ransom
433,ransom
434,ransom
435,ransom
436,ransom
437,ransom
438,ransom
439,ransom
440,ransom
441,ransom
442,ransom
443,ransom
444,ransom
445,ransom
446,ransom
447,ransom
448,ransom
449,ransom
450,ransom
451,ransom
452,ransom
453,ransom
454,ransom
455,ransom
456,ransom
457,ransom
458,ransom
459,ransom
460,ransom
461,ransom
462,ransom
463,ransom
464,ransom
465,ransom
466,ransom
467,ransom
468,ransom
469,ransom
470,ransom
471,ransom
472,ransom
473,ransom
474,ransom
475,ransom
476,ransom
477,ransom
478,ransom
479,ransom
480,ransom
481,ransom
482,ransom
483,ransom
484,ransom
485,ransom
486,ransom
487,ransom
488,ransom
489,ransom
490,ransom
491,ransom
492,ransom
493,ransom
494,ransom
495,ransom
496,ransom
497,ransom
498,ransom
499,ransom
500,ransom
501,ransom
502,ransom
503,ransom
504,ransom
505,ransom
506,ransom
507,ransom
508,ransom
509,ransom
510,slow_breach
511,slow_breach
512,slow_breach
513,slow_breach
514,slow_breach
515,slow_breach
516,slow_breach
517,slow_breach
518,slow_breach
519,slow_breach
520,slow_breach
521,slow_breach
522,slow_breach
523,slow_breach
524,slow_breach
525,slow_breach
526,slow_breach
527,slow_breach
528,slow_breach
529,slow_breach
530,slow_breach
531,slow_breach
532,slow_breach
533,slow_breach
534,slow_breach
535,slow_breach
536,slow_breach
537,slow_breach
538,slow_breach
539,slow_breach
540,slow_breach
541,slow_breach
542,slow_breach
543,slow_breach
544,slow_breach
545,slow_breach
546,slow_breach
547,slow_breach
548,slow_breach
549,slow_breach
550,slow_breach
551,slow_breach
552,slow_breach
553,slow_breach
554,slow_breach
555,slow_breach
556,slow_breach
557,slow_breach
558,slow_breach
559,slow_breach
560,slow_breach
561,slow_breach
562,slow_breach
563,slow_breach
564,slow_breach
565,slow_breach
566,slow_breach
567,slow_breach
568,slow_breach
569,slow_breach
570,slow_breach
571,slow_breach
572,slow_breach
573,slow_breach
574,slow_breach
575,slow_breach
576,slow_breach
577,slow_breach
578,slow_breach
579,slow_breach
580,slow_breach
581,slow_breach
582,slow_breach
583,slow_breach
584,slow_breach
585,slow_breach
586,slow_breach
587,slow_breach
588,slow_breach
589,slow_breach
590,slow_breach
591,slow_breach
592,slow_breach
593,slow_breach
594,slow_breach
595,slow_breach
596,slow_breach
597,slow_breach
598,slow_breach
599,slow_breach
600,slow_breach
601,slow_breach
602,slow_breach
603,slow_breach
604,slow_breach
605,slow_breach
606,slow_breach
607,slow_breach
608,slow_breach
609,slow_breach
610,slow_breach
611,slow_breach
612,slow_breach
613,slow_breach
614,slow_breach
615,slow_breach
616,slow_breach
617,slow_breach
618,slow_breach
619,slow_breach
620,slow_breach
621,slow_breach
622,slow_breach
623,slow_breach
624,slow_breach
625,slow_breach
626,slow_breach
627,slow_breach
628,slow_breach
629,slow_breach
630,slow_breach
631,slow_breach
632,slow_breach
633,slow_breach
634,slow_breach
635,slow_breach
636,slow_breach
637,slow_breach
638,slow_breach
639,slow_breach
640,slow_breach
641,slow_breach
642,slow_breach
643,slow_breach
644,slow_breach
645,slow_breach
646,slow_breach
647,slow_breach
648,slow_breach
649,slow_breach
650,slow_breach
651,slow_breach
652,slow_breach
653,slow_breach
654,slow_breach
655,slow_breach
656,slow_breach
657,slow_breach
658,slow_breach
659,slow_breach
660,slow_breach
661,slow_breach
662,slow_breach
663,slow_breach
664,slow_breach
665,slow_breach
666,slow_breach
667,slow_breach
668,slow_breach
669,slow_breach
670,slow_breach
671,slow_breach
672,slow_breach
673,slow_breach
674,slow_breach
675,slow_breach
676,slow_breach
677,slow_breach
678,slow_breach
679,slow_breach
680,slow_breach
681,slow_breach
682,slow_breach
683,slow_breach
684,slow_breach
685,slow_breach
686,slow_breach
687,slow_breach
688,slow_breach
689,slow_breach
690,slow_breach
691,slow_breach
692,slow_breach
693,slow_breach
694,slow_breach
695,slow_breach
696,slow_breach
697,slow_breach
698,slow_breach
699,slow_breach
700,slow_breach
701,slow_breach
702,slow_breach
703,slow_breach
704,slow_breach
705,slow_breach
706,slow_breach
707,slow_breach
708,slow_breach
709,slow_breach
710,slow_breach
711,slow_breach
712,slow_breach
713,slow_breach
714,slow_breach
715,slow_breach
716,slow_breach
717,slow_breach
718,slow_breach
719,slow_breach
720,slow_breach
721,slow_breach
722,slow_breach
723,slow_breach
724,slow_breach
725,slow_breach
726,slow_breach
727,slow_breach
728,slow_breach
729,slow_breach
730,slow_breach
731,slow_breach
732,slow_breach
733,slow_breach
734,slow_breach
735,slow_breach
736,slow_breach
737,slow_breach
738,slow_breach
739,slow_breach
740,slow_breach
741,slow_breach
742,slow_breach
743,slow_breach
744,slow_breach
745,slow_breach
746,slow_breach
747,slow_breach
748,slow_breach
749,slow_breach
750,slow_breach
751,slow_breach
752,slow_breach
753,slow_breach
754,slow_breach
755,slow_breach
756,slow_breach
757,slow_breach
758,slow_breach
759,slow_breach
760,slow_breach
761,slow_breach
762,slow_breach
763,slow_breach
764,slow_breach
765,slow_breach
766,slow_breach
767,slow_breach
768,slow_breach
769,slow_breach
770,slow_breach
771,slow_breach
772,slow_breach
773,slow_breach
774,slow_breach
775,slow_breach
776,slow_breach
777,slow_breach
778,slow_breach
779,slow_breach
780,slow_breach
781,slow_breach
782,slow_breach
783,slow_breach
784,slow_breach
785,slow_breach
786,slow_breach
787,slow_breach
788,slow_breach
789,slow_breach
790,slow_breach
791,slow_breach
792,slow_breach
793,slow_breach
794,slow_breach
795,slow_breach
796,slow_breach
797,slow_breach
798,slow_breach
799,slow_breach
800,slow_breach
801,slow_breach
802,slow_breach
803,slow_breach
804,slow_breach
805,slow_breach
806,slow_breach
807,slow_breach
808,slow_breach
809,slow_breach
810,slow_breach
811,slow_breach
812,slow_breach
813,slow_breach
814,slow_breach
815,slow_breach
816,slow_breach
817,slow_breach
818,slow_breach
819,slow_breach
820,slow_breach
821,slow_breach
822,slow_breach
823,slow_breach
824,slow_breach
825,slow_breach
826,slow_breach
827,slow_breach
828,slow_breach
829,slow_breach
830,slow_breach
831,slow_breach
832,slow_breach
833,slow_breach
834,slow_breach
835,slow_breach
836,slow_breach
837,slow_breach
838,slow_breach
839,slow_breach
840,slow_breach
841,slow_breach
842,slow_breach
843,slow_breach
844,slow_breach
845,slow_breach
846,slow_breach
847,slow_breach
848,slow_breach
849,slow_breach
850,slow_breach
851,slow_breach
852,slow_breach
853,slow_breach
854,slow_breach
855,slow_breach
856,slow_breach
857,slow_breach
858,slow_breach
859,slow_breach
860,slow_breach
861,slow_breach
862,slow_breach
863,slow_breach
864,slow_breach
865,slow_breach
866,slow_breach
867,slow_breach
868,slow_breach
869,slow_breach
870,slow_breach
871,slow_breach
872,slow_breach
873,slow_breach
874,slow_breach
875,slow_breach
876,slow_breach
877,slow_breach
878,slow_breach
879,slow_breach
880,slow_breach
881,slow_breach
882,slow_breach
883,slow_breach
884,slow_breach
885,slow_breach
886,slow_breach
887,slow_breach
888,slow_breach
889,slow_breach
890,slow_breach
891,slow_breach
892,slow_breach
893,slow_breach
894,slow_breach
895,slow_breach
896,slow_breach
897,slow_breach
898,slow_breach
899,slow_breach
900,slow_breach
901,slow_breach
902,slow_breach
903,slow_breach
904,slow_breach
905,slow_breach
906,slow_breach
907,slow_breach
908,slow_breach
909,slow_breach
910,slow_breach
911,slow_breach
912,slow_breach
913,slow_breach
914,slow_breach
915,slow_breach
916,slow_breach
917,slow_breach
918,slow_breach
919,slow_breach
920,slow_breach
921,slow_breach
922,slow_breach
923,slow_breach
924,slow_breach
925,slow_breach
926,slow_breach
927,slow_breach
928,slow_breach
929,slow_breach
930,slow_breach
931,slow_breach
932,slow_breach
933,slow_breach
934,slow_breach
935,slow_breach
936,slow_breach
937,slow_breach
938,slow_breach
939,slow_breach
940,slow_breach
941,slow_breach
942,slow_breach
943,slow_breach
944,slow_breach
945,slow_breach
946,slow_breach
947,slow_breach
948,slow_breach
949,slow_breach
950,slow_breach
951,slow_breach
952,slow_breach
953,slow_breach
954,slow_breach
955,slow_breach
956,slow_breach
957,slow_breach
958,slow_breach
959,slow_breach
960,slow_breach
961,slow_breach
962,slow_breach
963,slow_breach
964,slow_breach
965,slow_breach
966,slow_breach
967,slow_breach
968,slow_breach
969,slow_breach
970,slow_breach
971,slow_breach
972,slow_breach
973,slow_breach
974,slow_breach
975,slow_breach
976,slow_breach
977,slow_breach
978,slow_breach
979,slow_breach
980,slow_breach
981,slow_breach
982,slow_breach
983,slow_breach
984,slow_breach
985,slow_breach
986,slow_breach
987,slow_breach
988,slow_breach
989,slow_breach
990,slow_breach
991,slow_breach
992,slow_breach
993,slow_breach
994,slow_breach
995,slow_breach
996,slow_breach
997,slow_breach
998,slow_breach
999,slow_breach
1000,slow_breach
1001,slow_breach
1002,slow_breach
1003,slow_breach
1004,slow_breach
1005,slow_breach
1006,slow_breach
1007,slow_breach
1008,slow_breach
1009,slow_breach
1010,slow_breach
1011,slow_breach
1012,slow_breach
1013,slow_breach
1014,slow_breach
1015,slow_breach
1016,slow_breach
1017,slow_breach
1018,slow_breach
1019,slow_breach
1020,slow_breach
1021,slow_breach
1022,slow_breach
1023,slow_breach
1024,slow_breach
1025,slow_breach
1026,slow_breach
1027,slow_breach
1028,slow_breach
1029,slow_breach
1030,slow_breach
1031,slow_breach
1032,slow_breach
1033,slow_breach
1034,slow_breach
1035,slow_breach
1036,slow_breach
1037,slow_breach
1038,slow_breach
1039,slow_breach
1040,slow_breach
1041,slow_breach
1042,slow_breach
1043,slow_breach
1044,slow_breach
1045,slow_breach
1046,slow_breach
1047,slow_breach
1048,slow_breach
1049,slow_breach
1050,slow_breach
1051,slow_breach
1052,slow_breach
1053,slow_breach
1054,slow_breach
1055,slow_breach
1056,slow_breach
1057,slow_breach
1058,slow_breach
1059,slow_breach
1060,slow_breach
1061,slow_breach
1062,slow_breach
1063,slow_breach
1064,slow_breach
1065,slow_breach
1066,slow_breach
1067,slow_breach
1068,slow_breach
1069,slow_breach
1070,slow_breach
1071,slow_breach
1072,slow_breach
1073,slow_breach
1074,slow_breach
1075,slow_breach
1076,slow_breach
1077,slow_breach
1078,slow_breach
1079,slow_breach
1080,slow_breach
1081,slow_breach
1082,slow_breach
1083,slow_breach
1084,slow_breach
1085,slow_breach
1086,slow_breach
1087,slow_breach
1088,slow_breach
1089,slow_breach
1090,slow_breach
1091,slow_breach
1092,slow_breach
1093,slow_breach
1094,slow_breach
1095,slow_breach
1096,slow_breach
1097,slow_breach
1098,slow_breach
1099,slow_breach
1100,slow_breach
1101,slow_breach
1102,slow_breach
1103,slow_breach
1104,slow_breach
1105,slow_breach
1106,slow_breach
1107,slow_breach
1108,slow_breach
1109,slow_breach
1110,slow_breach
1111,slow_breach
1112,slow_breach
1113,slow_breach
1114,slow_breach
1115,slow_breach
1116,slow_breach
1117,slow_breach
1118,slow_breach
1119,slow_breach
1120,slow_breach
1121,slow_breach
1122,slow_breach
1123,slow_breach
1124,slow_breach
1125,slow_breach
1126,slow_breach
1127,slow_breach
1128,slow_breach
1129,slow_breach
1130,slow_breach
1131,slow_breach
1132,slow_breach
1133,slow_breach
1134,slow_breach
1135,slow_breach
1136,slow_breach
1137,slow_breach
1138,slow_breach
1139,slow_breach
1140,slow_breach
1141,slow_breach
1142,slow_breach
1143,slow_breach
1144,slow_breach
1145,slow_breach
1146,slow_breach
1147,slow_breach
1148,slow_breach
1149,slow_breach
1150,slow_breach
1151,slow_breach
1152,slow_breach
1153,slow_breach
1154,slow_breach
1155,slow_breach
1156,slow_breach
1157,slow_breach
1158,slow_breach
1159,slow_breach
1160,slow_breach
1161,slow_breach
1162,slow_breach
1163,slow_breach
1164,slow_breach
1165,slow_breach
1166,slow_breach
1167,slow_breach
1168,slow_breach
1169,slow_breach
1170,slow_breach
1171,slow_breach
1172,slow_breach
1173,slow_breach
1174,slow_breach
1175,slow_breach
1176,slow_breach
1177,slow_breach
1178,slow_breach
1179,slow_breach
1180,slow_breach
1181,slow_breach
1182,slow_breach
1183,slow_breach
1184,slow_breach
1185,slow_breach
1186,slow_breach
1187,slow_breach
1188,slow_breach
1189,slow_breach
1190,slow_breach
1191,slow_breach
1192,slow_breach
1193,slow_breach
1194,slow_breach
1195,slow_breach
1196,slow_breach
1197,slow_breach
1198,slow_breach
1199,slow_breach
1200,slow_breach
1201,slow_breach
1202,slow_breach
1203,slow_breach
1204,slow_breach
1205,slow_breach
1206,slow_breach
1207,slow_breach
1208,slow_breach
1209,slow_breach
1210,slow_breach
1211,slow_breach
1212,slow_breach
1213,slow_breach
1214,slow_breach
1215,slow_breach
1216,slow_breach
1217,slow_breach
1218,slow_breach
1219,slow_breach
1220,slow_breach
1221,slow_breach
1222,slow_breach
1223,slow_breach
1224,slow_breach
1225,slow_breach
1226,slow_breach
1227,slow_breach
1228,slow_breach
1229,slow_breach
1230,slow_breach
1231,slow_breach
1232,slow_breach
1233,slow_breach
1234,slow_breach
1235,slow_breach
1236,slow_breach
1237,slow_breach
1238,slow_breach
1239,slow_breach
1240,slow_breach
1241,slow_breach
1242,slow_breach
1243,slow_breach
1244,slow_breach
1245,slow_breach
1246,slow_breach
1247,slow_breach
1248,slow_breach
1249,slow_breach
1250,slow_breach
1251,slow_breach
1252,slow_breach
1253,slow_breach
1254,slow_breach
1255,slow_breach
1256,slow_breach
1257,slow_breach
1258,slow_breach
1259,scan
1260,scan
1261,scan
1262,scan
1263,scan
1264,scan
1265,scan
1266,scan
1267,scan
1268,scan
1269,scan
1270,scan
1271,scan
1272,scan
1273,scan
1274,scan
1275,scan
1276,scan
1277,scan
1278,scan
1279,scan
1280,scan
1281,scan
1282,scan
1283,scan
1284,scan
1285,scan
1286,scan
1287,scan
1288,scan
1289,scan
1290,scan
1291,scan
1292,scan
1293,scan
1294,scan
1295,scan
1296,scan
1297,scan
1298,scan
1299,scan
1300,scan
1301,scan
1302,scan
1303,scan
1304,scan
1305,scan
1306,scan
1307,scan
1308,scan
1309,scan
1310,scan
1311,scan
1312,scan
1313,scan
1314,scan
1315,scan
1316,scan
1317,scan
1318,scan
1319,scan
1320,scan
1321,scan
1322,scan
1323,scan
1324,scan
1325,scan
1326,scan
1327,scan
1328,scan
1329,scan
1330,scan
1331,scan
1332,scan
1333,scan
1334,scan
1335,scan
1336,scan
1337,scan
1338,scan
1339,scan
1340,scan
1341,scan
1342,scan
1343,scan
1344,scan
1345,scan
1346,scan
1347,scan
1348,scan
1349,scan
1350,scan
1351,scan
1352,scan
1353,scan
1354,scan
1355,scan
1356,scan
1357,scan
1358,scan
1359,scan
1360,scan
1361,scan
1362,scan
1363,scan
1364,scan
1365,scan
1366,scan
1367,scan
1368,scan
1369,scan
1370,scan
1371,scan
1372,scan
1373,scan
1374,scan
1375,scan
1376,scan
1377,scan
1378,scan
1379,scan
1380,scan
1381,scan
1382,scan
1383,scan
1384,scan
1385,scan
1386,scan
1387,scan
1388,scan
1389,scan
1390,scan
1391,scan
1392,scan
1393,scan
1394,scan
1395,scan
1396,scan
1397,scan
1398,scan
1399,scan
1400,scan
1401,scan
1402,scan
1403,scan
1404,scan
1405,scan
1406,scan
1407,scan
1408,scan
1409,scan
1410,scan
1411,scan
1412,scan
1413,scan
1414,scan
1415,scan
1416,scan
1417,scan
1418,scan
1419,scan
1420,scan
1421,scan
1422,scan
1423,scan
1424,scan
1425,scan
1426,scan
1427,scan
1428,scan
1429,scan
1430,scan
1431,scan
1432,scan
1433,scan
1434,scan
1435,scan
1436,scan
1437,scan
1438,scan
1439,scan
1440,scan
1441,scan
1442,scan
1443,scan
1444,scan
1445,scan
1446,scan
1447,scan
1448,scan
1449,scan
1450,scan
1451,scan
1452,scan
1453,scan
1454,scan
1455,scan
1456,scan
1457,scan
1458,scan
1459,scan
1460,scan
1461,scan
1462,scan
1463,scan
1464,scan
1465,scan
1466,scan
1467,scan
1468,scan
1469,scan
1470,scan
1471,scan
1472,scan
1473,scan
1474,scan
1475,scan
1476,scan
1477,scan
1478,scan
1479,scan
1480,scan
1481,scan
1482,scan
1483,scan
1484,scan
1485,scan
1486,scan
1487,scan
1488,scan
1489,scan
1490,scan
1491,scan
1492,scan
1493,scan
1494,scan
1495,scan
1496,scan
1497,scan
1498,scan
1499,scan
1500,scan
1501,scan
1502,scan
1503,scan
1504,scan
1505,scan
1506,scan
1507,scan
1508,scan
1509,scan
1510,scan
1511,scan
1512,scan
1513,scan
1514,scan
1515,scan
1516,scan
1517,scan
1518,scan
1519,scan
1520,scan
1521,scan
1522,scan
1523,scan
1524,scan
1525,scan
1526,scan
1527,scan
1528,scan
1529,scan
1530,scan
1531,scan
1532,scan
1533,scan
1534,scan
1535,scan
1536,scan
1537,scan
1538,scan
1539,scan
1540,scan
1541,scan
1542,scan
1543,scan
1544,scan
1545,scan
1546,scan
1547,scan
1548,scan
1549,scan
1550,scan
1551,scan
1552,scan
1553,scan
1554,scan
1555,scan
1556,scan
1557,scan
1558,scan
1559,scan
1560,scan
1561,scan
1562,scan
1563,scan
1564,scan
1565,scan
1566,scan
1567,scan
1568,scan
1569,scan
1570,scan
1571,scan
1572,scan
1573,scan
1574,scan
1575,scan
1576,scan
1577,scan
1578,scan
1579,scan
1580,scan
1581,scan
1582,scan
1583,scan
1584,scan
1585,scan
1586,scan
1587,scan
1588,scan
1589,scan
1590,scan
1591,scan
1592,scan
1593,scan
1594,scan
1595,scan
1596,scan
1597,scan
1598,scan
1599,scan
1600,scan
1601,scan
1602,scan
1603,scan
1604,scan
1605,scan
1606,scan
1607,scan
1608,scan
1609,scan
1610,scan
1611,scan
1612,scan
1613,scan
1614,scan
1615,scan
1616,scan
1617,scan
1618,scan
1619,scan
1620,scan
1621,scan
1622,scan
1623,scan
1624,scan
1625,scan
1626,scan
1627,scan
1628,scan
1629,scan
1630,scan
1631,scan
1632,scan
1633,scan
1634,scan
1635,scan
1636,scan
1637,scan
1638,scan
1639,scan
1640,scan
1641,scan
1642,scan
1643,scan
1644,scan
1645,scan
1646,scan
1647,scan
1648,scan
1649,scan
1650,scan
1651,scan
1652,scan
1653,scan
1654,scan
1655,scan
1656,scan
1657,scan
1658,scan
1659,scan
1660,scan
1661,scan
1662,scan
1663,scan
1664,scan
1665,scan
1666,scan
1667,scan
1668,scan
1669,scan
1670,scan
1671,scan
1672,scan
1673,scan
1674,scan
1675,scan
1676,scan
1677,scan
1678,scan
1679,scan
1680,scan
1681,scan
1682,scan
1683,scan
1684,scan
1685,scan
1686,scan
1687,scan
1688,scan
1689,scan
1690,scan
1691,scan
1692,scan
1693,scan
1694,scan
1695,scan
1696,scan
1697,scan
1698,scan
1699,scan
1700,scan
1701,scan
1702,scan
1703,scan
1704,scan
1705,scan
1706,scan
1707,scan
1708,scan
1709,scan
1710,scan
1711,scan
1712,scan
1713,scan
1714,scan
1715,scan
1716,scan
1717,scan
1718,scan
1719,scan
1720,scan
1721,scan
1722,scan
1723,scan
1724,scan
1725,scan
1726,scan
1727,scan
1728,scan
1729,scan
1730,scan
1731,scan
1732,scan
1733,scan
1734,scan
1735,scan
1736,scan
1737,scan
1738,scan
1739,scan
1740,scan
1741,scan
1742,scan
1743,scan
1744,scan
1745,scan
1746,scan
1747,scan
1748,scan
1749,scan
1750,scan
1751,scan
1752,scan
1753,scan
1754,scan
1755,scan
1756,scan
1757,scan
1758,scan
1759,scan
1760,scan
1761,scan
1762,scan
1763,scan
1764,scan
1765,scan
1766,scan
1767,scan
1768,scan
1769,scan
1770,scan
1771,scan
1772,scan
1773,scan
1774,scan
1775,scan
1776,scan
1777,scan
1778,scan
1779,scan
1780,scan
1781,scan
1782,scan
1783,scan
1784,scan
1785,scan
1786,scan
1787,scan
1788,scan
1789,scan
1790,scan
1791,scan
1792,scan
1793,scan
1794,scan
1795,scan
1796,scan
1797,scan
1798,scan
1799,scan
1800,scan
1801,scan
1802,scan
1803,scan
1804,scan
1805,scan
1806,scan
1807,scan
1808,scan
1809,scan
1810,scan
1811,scan
1812,scan
1813,scan
1814,scan
1815,scan
1816,scan
1817,scan
1818,scan
1819,scan
1820,scan
1821,scan
1822,scan
1823,scan
1824,scan
1825,scan
1826,scan
1827,scan
1828,scan
1829,scan
1830,scan
1831,scan
1832,scan
1833,scan
1834,scan
1835,scan
1836,scan
1837,scan
1838,scan
1839,scan
1840,scan
1841,scan
1842,scan
1843,scan
1844,scan
1845,scan
1846,scan
1847,scan
1848,scan
1849,scan
1850,scan
1851,scan
1852,scan
1853,scan
1854,scan
1855,scan
1856,scan
1857,scan
1858,scan
1859,scan
1860,scan
1861,scan
1862,scan
1863,scan
1864,scan
1865,scan
1866,scan
1867,scan
1868,scan
1869,scan
1870,scan
1871,scan
1872,scan
1873,scan
1874,scan
1875,scan
1876,scan
1877,scan
1878,scan
1879,scan
1880,scan
1881,scan
1882,scan
1883,scan
1884,scan
1885,scan
1886,scan
1887,scan
1888,scan
1889,scan
1890,scan
1891,scan
1892,scan
1893,scan
1894,scan
1895,scan
1896,scan
1897,scan
1898,scan
1899,scan
1900,scan
1901,scan
1902,scan
1903,scan
1904,scan
1905,scan
1906,scan
1907,scan
1908,scan
1909,scan
1910,scan
1911,scan
1912,scan
1913,scan
1914,scan
1915,scan
1916,scan
1917,scan
1918,scan
1919,scan
1920,scan
1921,scan
1922,scan
1923,scan
1924,scan
1925,scan
1926,scan
1927,scan
1928,scan
1929,scan
1930,scan
1931,scan
1932,scan
1933,scan
1934,scan
1935,scan
1936,scan
1937,scan
1938,scan
1939,scan
1940,scan
1941,scan
1942,scan
1943,scan
1944,scan
1945,scan
1946,scan
1947,scan
1948,scan
1949,scan
1950,scan
1951,scan
1952,scan
1953,scan
1954,scan
1955,scan
1956,scan
1957,scan
1958,scan
1959,scan
1960,scan
1961,scan
1962,scan
1963,scan
1964,scan
1965,scan
1966,scan
1967,scan
1968,scan
1969,scan
1970,scan
1971,scan
1972,scan
1973,scan
1974,scan
1975,scan
1976,scan
1977,scan
1978,scan
1979,scan
1980,scan
1981,scan
1982,scan
1983,scan
1984,scan
1985,scan
1986,scan
1987,scan
1988,scan
1989,scan
1990,scan
1991,scan
1992,scan
1993,scan
1994,scan
1995,scan
1996,scan
1997,scan
1998,scan
1999,scan
2000,scan
2001,scan
2002,scan
2003,scan
2004,scan
2005,scan
2006,scan
2007,scan
2008,scan
2009,scan
2010,scan
2011,scan
2012,scan
2013,scan
2014,scan
2015,scan
2016,scan
2017,scan
2018,scan
2019,scan
2020,scan
2021,scan
2022,scan
2023,scan
2024,scan
2025,scan
2026,scan
2027,scan
2028,scan
2029,scan
2030,scan
2031,scan
2032,scan
2033,scan
2034,scan
2035,scan
2036,scan
2037,scan
2038,scan
2039,scan
2040,scan
2041,scan
2042,scan
2043,scan
2044,scan
2045,scan
2046,scan
2047,scan
2048,scan
2049,scan
2050,scan
2051,scan
2052,scan
2053,scan
2054,scan
2055,scan
2056,scan
2057,scan
2058,scan
2059,scan
2060,scan
2061,scan
2062,scan
2063,scan
2064,scan
2065,scan
2066,scan
2067,scan
2068,scan
2069,scan
2070,scan
2071,scan
2072,scan
2073,scan
2074,scan
2075,scan
2076,scan
2077,scan
2078,scan
2079,scan
2080,scan
2081,scan
2082,scan
2083,scan
2084,scan
2085,scan
2086,scan
2087,scan
2088,scan
2089,scan
2090,scan
2091,scan
2092,scan
2093,scan
2094,scan
2095,scan
2096,scan
2097,scan
2098,scan
2099,scan
2100,scan
2101,scan
2102,scan
2103,scan
2104,scan
2105,scan
2106,scan
2107,scan
2108,scan
2109,scan
2110,scan
2111,scan
2112,scan
2113,scan
2114,scan
2115,scan
2116,scan
2117,scan
2118,scan
2119,scan
2120,scan
2121,scan
2122,scan
2123,scan
2124,scan
2125,scan
2126,scan
2127,scan
2128,scan
2129,scan
2130,scan
2131,scan
2132,scan
2133,scan
2134,scan
2135,scan
2136,scan
2137,scan
2138,scan
2139,scan
2140,scan
2141,scan
2142,scan
2143,scan
2144,scan
2145,scan
2146,scan
2147,scan
2148,scan
2149,scan
2150,scan
2151,scan
2152,scan
2153,scan
2154,scan
2155,scan
2156,scan
2157,scan
2158,scan
2159,scan
2160,scan
2161,scan
2162,scan
2163,scan
2164,scan
2165,scan
2166,scan
2167,scan
2168,scan
2169,scan
2170,scan
2171,scan
2172,scan
2173,scan
2174,scan
2175,scan
2176,scan
2177,scan
2178,scan
2179,scan
2180,scan
2181,scan
2182,scan
2183,scan
2184,scan
2185,scan
2186,scan
2187,scan
2188,scan
2189,scan
2190,scan
2191,scan
2192,scan
2193,scan
2194,scan
2195,scan
2196,scan
2197,scan
2198,scan
2199,scan
2200,scan
2201,scan
2202,scan
2203,scan
2204,scan
2205,scan
2206,scan
2207,scan
2208,scan
2209,scan
2210,scan
2211,scan
2212,scan
2213,scan
2214,scan
2215,scan
2216,scan
2217,scan
2218,scan
2219,scan
2220,scan
2221,scan
2222,scan
2223,scan
2224,scan
2225,scan
2226,scan
2227,scan
2228,scan
2229,scan
2230,scan
2231,scan
2232,scan
2233,scan
2234,scan
2235,scan
2236,scan
2237,scan
2238,scan
2239,scan
2240,scan
2241,scan
2242,scan
2243,scan
2244,scan
2245,scan
2246,scan
2247,scan
2248,scan
2249,scan
2250,scan
2251,scan
2252,scan
2253,scan
2254,scan
2255,scan
2256,scan
2257,scan
2258,scan
2259,scan
2260,scan
2261,scan
2262,scan
2263,scan
2264,scan
2265,scan
2266,scan
2267,scan
2268,scan
2269,scan
2270,scan
2271,scan
2272,scan
2273,scan
2274,scan
2275,scan
2276,scan
2277,scan
2278,scan
2279,scan
2280,scan
2281,scan
2282,scan
2283,scan
2284,scan
2285,scan
2286,scan
2287,scan
2288,scan
2289,scan
2290,scan
2291,scan
2292,scan
2293,scan
2294,scan
2295,scan
2296,scan
2297,scan
2298,scan
2299,scan
2300,scan
2301,scan
2302,scan
2303,scan
2304,scan
2305,scan
2306,scan
2307,scan
2308,scan
2309,scan
2310,scan
2311,scan
2312,scan
2313,scan
2314,scan
2315,scan
2316,scan
2317,scan
2318,scan
2319,scan
2320,scan
2321,scan
2322,scan
2323,scan
2324,scan
2325,scan
2326,scan
2327,scan
2328,scan
2329,scan
2330,scan
2331,scan
2332,scan
2333,scan
2334,scan
2335,scan
2336,scan
2337,scan
2338,scan
2339,scan
2340,scan
2341,scan
2342,scan
2343,scan
2344,scan
2345,scan
2346,scan
2347,scan
2348,scan
2349,scan
2350,scan
2351,scan
2352,scan
2353,scan
2354,scan
2355,scan
2356,scan
2357,scan
2358,scan
2359,scan
2360,scan
2361,scan
2362,scan
2363,scan
2364,scan
2365,scan
2366,scan
2367,scan
2368,scan
2369,scan
2370,scan
2371,scan
2372,scan
2373,scan
2374,scan
2375,scan
2376,scan
2377,scan
2378,scan
2379,scan
2380,scan
2381,scan
2382,scan
2383,scan
2384,scan
2385,scan
2386,scan
2387,scan
2388,scan
2389,scan
2390,scan
2391,scan
2392,scan
2393,scan
2394,scan
2395,scan
2396,scan
2397,scan
2398,scan
2399,scan
2400,scan
2401,scan
2402,scan
2403,scan
2404,scan
2405,scan
2406,scan
2407,scan
2408,scan
2409,scan
2410,scan
2411,scan
2412,scan
2413,scan
2414,scan
2415,scan
2416,scan
2417,scan
2418,scan
2419,scan
2420,scan
2421,scan
2422,scan
2423,scan
2424,scan
2425,scan
2426,scan
2427,scan
2428,scan
2429,scan
2430,scan
2431,scan
2432,scan
2433,scan
2434,scan
2435,scan
2436,scan
2437,scan
2438,scan
2439,scan
2440,scan
2441,scan
2442,scan
2443,scan
2444,scan
2445,scan
2446,scan
2447,scan
2448,scan
2449,scan
2450,scan
2451,scan
2452,scan
2453,scan
2454,scan
2455,scan
2456,scan
2457,scan
2458,scan
2459,scan
2460,scan
2461,scan
2462,scan
2463,scan
2464,scan
2465,scan
2466,scan
2467,scan
2468,scan
2469,scan
2470,scan
2471,scan
2472,scan
2473,scan
2474,scan
2475,scan
2476,scan
2477,scan
2478,scan
2479,scan
2480,advanced
2481,advanced
2482,advanced
2483,advanced
2484,advanced
2485,advanced
2486,advanced
2487,advanced
2488,advanced
2489,advanced
2490,advanced
2491,advanced
2492,advanced
2493,advanced
2494,advanced
2495,advanced
2496,advanced
2497,advanced
2498,advanced
2499,advanced
2500,advanced
2501,advanced
2502,advanced
2503,advanced
2504,advanced
2505,advanced
2506,advanced
2507,advanced
2508,advanced
2509,advanced
2510,advanced
2511,advanced
2512,advanced
2513,advanced
2514,advanced
2515,advanced
2516,advanced
2517,advanced
2518,advanced
2519,advanced
2520,advanced
2521,advanced
2522,advanced
2523,advanced
2524,advanced
2525,advanced
2526,advanced
2527,advanced
2528,advanced
2529,advanced
2530,advanced
2531,advanced
2532,advanced
2533,advanced
2534,advanced
2535,advanced
2536,advanced
2537,advanced
2538,advanced
2539,advanced
2540,advanced
2541,advanced
2542,advanced
2543,advanced
2544,advanced
2545,advanced
2546,advanced
2547,advanced
2548,advanced
2549,advanced
2550,advanced
2551,advanced
2552,advanced
2553,advanced
2554,advanced
2555,advanced
2556,advanced
2557,advanced
2558,advanced
2559,advanced
2560,advanced
2561,advanced
2562,advanced
2563,advanced
2564,advanced
2565,advanced
2566,advanced
2567,advanced
2568,advanced
2569,advanced
2570,advanced
2571,advanced
2572,advanced
2573,advanced
2574,advanced
2575,advanced
2576,advanced
2577,advanced
2578,advanced
2579,advanced
2580,advanced
2581,advanced
2582,advanced
2583,advanced
2584,advanced
2585,advanced
2586,advanced
2587,advanced
2588,advanced
2589,advanced
2590,advanced
2591,advanced
2592,advanced
2593,advanced
2594,advanced
2595,advanced
2596,advanced
2597,advanced
2598,advanced
2599,advanced
2600,advanced
2601,advanced
2602,advanced
2603,advanced
2604,advanced
2605,advanced
2606,advanced
2607,advanced
2608,advanced
2609,advanced
2610,advanced
2611,advanced
2612,advanced
2613,advanced
2614,advanced
2615,advanced
2616,advanced
2617,advanced
2618,advanced
2619,advanced
2620,advanced
2621,advanced
2622,advanced
2623,advanced
2624,advanced
2625,advanced
2626,advanced
2627,advanced
2628,advanced
2629,advanced
2630,advanced
2631,advanced
2632,advanced
2633,advanced
2634,advanced
2635,advanced
2636,advanced
2637,advanced
2638,advanced
2639,advanced
2640,advanced
2641,advanced
2642,advanced
2643,advanced
2644,advanced
2645,advanced
2646,advanced
2647,advanced
2648,advanced
2649,advanced
2650,advanced
2651,advanced
2652,advanced
2653,advanced
2654,advanced
2655,advanced
2656,advanced
2657,advanced
2658,advanced
2659,advanced
2660,advanced
2661,advanced
2662,advanced
2663,advanced
2664,advanced
2665,advanced
2666,advanced
2667,advanced
2668,advanced
2669,advanced
2670,advanced
2671,advanced
2672,advanced
2673,advanced
2674,advanced
2675,advanced
2676,advanced
2677,advanced
2678,advanced
2679,advanced
2680,advanced
2681,advanced
2682,advanced
2683,advanced
2684,advanced
2685,advanced
2686,advanced
2687,advanced
2688,advanced
2689,advanced
2690,advanced
2691,advanced
2692,advanced
2693,advanced
2694,advanced
2695,advanced
2696,advanced
2697,advanced
2698,advanced
2699,advanced
2700,advanced
2701,advanced
2702,advanced
2703,advanced
2704,advanced
2705,advanced
2706,advanced
2707,advanced
2708,advanced
2709,advanced
2710,advanced
2711,advanced
2712,advanced
2713,advanced
2714,advanced
2715,advanced
2716,advanced
2717,advanced
2718,advanced
2719,advanced
2720,advanced
2721,advanced
2722,advanced
2723,advanced
2724,advanced
2725,advanced
2726,advanced
2727,advanced
2728,advanced
2729,advanced
2730,advanced
2731,advanced
2732,advanced
2733,advanced
2734,advanced
2735,advanced
2736,advanced
2737,advanced
2738,advanced
2739,advanced
2740,advanced
2741,advanced
2742,advanced
2743,advanced
2744,advanced
2745,advanced
2746,advanced
2747,advanced
2748,advanced
2749,advanced
2750,advanced
2751,advanced
2752,advanced
2753,advanced
2754,advanced
2755,advanced
2756,advanced
2757,advanced
2758,advanced
2759,advanced
